feature_name,display_name,description,concept,concept_display_name,source_table,source_feature_file,data_kind,pandas_dtype,value_type,unit,missing_rate,non_null_count,unique_count,sensitive,mutable,allowed_for_model,allowed_in_user_explanation,allowed_in_recommendation,direction_prior,formatting_rule
NAME_CONTRACT_TYPE,loại hợp đồng vay,"Feature `NAME_CONTRACT_TYPE` thuộc nhóm `hồ sơ khách hàng`, được tạo từ bảng `application_train` trong Data Layer.",application_profile,hồ sơ khách hàng,application_train,application_features.parquet,categorical,str,categorical,,0.0,307511,2,False,False,True,True,False,unknown,category
CNT_CHILDREN,số con,"Feature `CNT_CHILDREN` thuộc nhóm `hồ sơ khách hàng`, được tạo từ bảng `application_train` trong Data Layer.",application_profile,hồ sơ khách hàng,application_train,application_features.parquet,numeric,int64,count,count,0.0,307511,15,True,False,True,limited,False,unknown,integer
AMT_INCOME_TOTAL,tổng thu nhập,"Feature `AMT_INCOME_TOTAL` thuộc nhóm `hồ sơ khách hàng`, được tạo từ bảng `application_train` trong Data Layer.",application_profile,hồ sơ khách hàng,application_train,application_features.parquet,numeric,float64,amount,currency,0.0,307511,2548,False,False,True,True,False,unknown,currency_rounded
AMT_CREDIT,số tiền khoản vay hiện tại,"Feature `AMT_CREDIT` thuộc nhóm `hồ sơ khách hàng`, được tạo từ bảng `application_train` trong Data Layer.",application_profile,hồ sơ khách hàng,application_train,application_features.parquet,numeric,float64,amount,currency,0.0,307511,5603,False,False,True,True,False,unknown,currency_rounded
AMT_ANNUITY,số tiền trả định kỳ,"Feature `AMT_ANNUITY` thuộc nhóm `hồ sơ khách hàng`, được tạo từ bảng `application_train` trong Data Layer.",application_profile,hồ sơ khách hàng,application_train,application_features.parquet,numeric,float64,amount,currency,3.9022994299390916e-05,307499,13672,False,False,True,True,False,unknown,currency_rounded
AMT_GOODS_PRICE,giá trị hàng hóa/khoản mua,"Feature `AMT_GOODS_PRICE` thuộc nhóm `hồ sơ khách hàng`, được tạo từ bảng `application_train` trong Data Layer.",application_profile,hồ sơ khách hàng,application_train,application_features.parquet,numeric,float64,amount,currency,0.0009040327012692228,307233,1002,False,False,True,True,False,unknown,currency_rounded
NAME_INCOME_TYPE,loại thu nhập,"Feature `NAME_INCOME_TYPE` thuộc nhóm `hồ sơ khách hàng`, được tạo từ bảng `application_train` trong Data Layer.",application_profile,hồ sơ khách hàng,application_train,application_features.parquet,categorical,str,categorical,,0.0,307511,8,False,False,True,True,False,unknown,category
NAME_EDUCATION_TYPE,trình độ học vấn,"Feature `NAME_EDUCATION_TYPE` thuộc nhóm `hồ sơ khách hàng`, được tạo từ bảng `application_train` trong Data Layer.",application_profile,hồ sơ khách hàng,application_train,application_features.parquet,categorical,str,categorical,,0.0,307511,5,True,False,True,limited,False,unknown,category
NAME_FAMILY_STATUS,tình trạng gia đình,"Feature `NAME_FAMILY_STATUS` thuộc nhóm `hồ sơ khách hàng`, được tạo từ bảng `application_train` trong Data Layer.",application_profile,hồ sơ khách hàng,application_train,application_features.parquet,categorical,str,categorical,,0.0,307511,6,True,False,True,limited,False,unknown,category
NAME_HOUSING_TYPE,loại nhà ở,"Feature `NAME_HOUSING_TYPE` thuộc nhóm `hồ sơ khách hàng`, được tạo từ bảng `application_train` trong Data Layer.",application_profile,hồ sơ khách hàng,application_train,application_features.parquet,categorical,str,categorical,,0.0,307511,6,False,False,True,True,False,unknown,category
OCCUPATION_TYPE,nghề nghiệp,"Feature `OCCUPATION_TYPE` thuộc nhóm `hồ sơ khách hàng`, được tạo từ bảng `application_train` trong Data Layer.",application_profile,hồ sơ khách hàng,application_train,application_features.parquet,categorical,str,categorical,,0.31345545362604915,211120,18,True,False,True,limited,False,unknown,category
CNT_FAM_MEMBERS,số thành viên gia đình,"Feature `CNT_FAM_MEMBERS` thuộc nhóm `hồ sơ khách hàng`, được tạo từ bảng `application_train` trong Data Layer.",application_profile,hồ sơ khách hàng,application_train,application_features.parquet,numeric,float64,count,count,6.503832383231819e-06,307509,17,True,False,True,limited,False,unknown,integer
ORGANIZATION_TYPE,loại tổ chức làm việc,"Feature `ORGANIZATION_TYPE` thuộc nhóm `hồ sơ khách hàng`, được tạo từ bảng `application_train` trong Data Layer.",application_profile,hồ sơ khách hàng,application_train,application_features.parquet,categorical,str,categorical,,0.0,307511,58,True,False,True,limited,False,unknown,category
EXT_SOURCE_1,tín hiệu điểm ngoài 1,"Feature `EXT_SOURCE_1` thuộc nhóm `tín hiệu điểm ngoài`, được tạo từ bảng `application_train` trong Data Layer.",external_score_signal,tín hiệu điểm ngoài,application_train,application_features.parquet,numeric,float64,score,score,0.5638107254699832,134133,114584,True,False,True,limited,False,higher_value_may_decrease_risk,number_3_decimal
EXT_SOURCE_2,tín hiệu điểm ngoài 2,"Feature `EXT_SOURCE_2` thuộc nhóm `tín hiệu điểm ngoài`, được tạo từ bảng `application_train` trong Data Layer.",external_score_signal,tín hiệu điểm ngoài,application_train,application_features.parquet,numeric,float64,score,score,0.0021462646864665006,306851,119831,True,False,True,limited,False,higher_value_may_decrease_risk,number_3_decimal
EXT_SOURCE_3,tín hiệu điểm ngoài 3,"Feature `EXT_SOURCE_3` thuộc nhóm `tín hiệu điểm ngoài`, được tạo từ bảng `application_train` trong Data Layer.",external_score_signal,tín hiệu điểm ngoài,application_train,application_features.parquet,numeric,float64,score,score,0.19825307062186392,246546,814,True,False,True,limited,False,higher_value_may_decrease_risk,number_3_decimal
days_employed_abnormal,dấu hiệu ngày làm việc bất thường,"Feature `days_employed_abnormal` thuộc nhóm `độ ổn định hồ sơ`, được tạo từ bảng `application_train` trong Data Layer.",applicant_stability,độ ổn định hồ sơ,application_train,application_features.parquet,binary,int8,binary_indicator,0_or_1,0.0,307511,2,False,False,True,True,False,unknown,boolean_indicator
age_years,tuổi của khách hàng,"Feature `age_years` thuộc nhóm `độ ổn định hồ sơ`, được tạo từ bảng `application_train` trong Data Layer.",applicant_stability,độ ổn định hồ sơ,application_train,application_features.parquet,numeric,float64,years,years,0.0,307511,17460,True,False,True,limited,False,unknown,number_1_decimal
employment_years,số năm làm việc,"Feature `employment_years` thuộc nhóm `độ ổn định hồ sơ`, được tạo từ bảng `application_train` trong Data Layer.",applicant_stability,độ ổn định hồ sơ,application_train,application_features.parquet,numeric,float64,years,years,0.18007811102692262,252135,12572,False,False,True,True,False,unknown,number_1_decimal
registration_years,số năm từ khi đăng ký,"Feature `registration_years` thuộc nhóm `độ ổn định hồ sơ`, được tạo từ bảng `application_train` trong Data Layer.",applicant_stability,độ ổn định hồ sơ,application_train,application_features.parquet,numeric,float64,years,years,0.0,307511,15688,False,False,True,True,False,unknown,number_1_decimal
id_publish_years,số năm từ khi cấp giấy tờ,"Feature `id_publish_years` thuộc nhóm `độ ổn định hồ sơ`, được tạo từ bảng `application_train` trong Data Layer.",applicant_stability,độ ổn định hồ sơ,application_train,application_features.parquet,numeric,float64,years,years,0.0,307511,6168,False,False,True,True,False,unknown,number_1_decimal
credit_to_income_ratio,tỷ lệ khoản vay trên thu nhập,"Feature `credit_to_income_ratio` thuộc nhóm `khả năng gánh khoản vay`, được tạo từ bảng `application_train` trong Data Layer.",loan_affordability,khả năng gánh khoản vay,application_train,application_features.parquet,numeric,float64,ratio,ratio,0.0,307511,48697,False,False,True,True,False,higher_value_may_increase_risk,ratio_as_percentage_1_decimal
annuity_to_income_ratio,tỷ lệ trả góp định kỳ trên thu nhập,"Feature `annuity_to_income_ratio` thuộc nhóm `khả năng gánh khoản vay`, được tạo từ bảng `application_train` trong Data Layer.",loan_affordability,khả năng gánh khoản vay,application_train,application_features.parquet,numeric,float64,ratio,ratio,3.9022994299390916e-05,307499,88811,False,False,True,True,False,higher_value_may_increase_risk,ratio_as_percentage_1_decimal
goods_price_to_income_ratio,tỷ lệ giá trị hàng hóa trên thu nhập,"Feature `goods_price_to_income_ratio` thuộc nhóm `khả năng gánh khoản vay`, được tạo từ bảng `application_train` trong Data Layer.",loan_affordability,khả năng gánh khoản vay,application_train,application_features.parquet,numeric,float64,ratio,ratio,0.0009040327012692228,307233,13410,False,False,True,True,False,unknown,ratio_as_percentage_1_decimal
annuity_to_credit_ratio,tỷ lệ trả góp định kỳ trên khoản vay,"Feature `annuity_to_credit_ratio` thuộc nhóm `khả năng gánh khoản vay`, được tạo từ bảng `application_train` trong Data Layer.",loan_affordability,khả năng gánh khoản vay,application_train,application_features.parquet,numeric,float64,ratio,ratio,3.9022994299390916e-05,307499,39539,False,False,True,True,False,unknown,ratio_as_percentage_1_decimal
credit_to_goods_price_ratio,tỷ lệ khoản vay trên giá trị hàng hóa,"Feature `credit_to_goods_price_ratio` thuộc nhóm `khả năng gánh khoản vay`, được tạo từ bảng `application_train` trong Data Layer.",loan_affordability,khả năng gánh khoản vay,application_train,application_features.parquet,numeric,float64,ratio,ratio,0.0009040327012692228,307233,3066,False,False,True,True,False,unknown,ratio_as_percentage_1_decimal
income_per_family_member,thu nhập trên mỗi thành viên gia đình,"Feature `income_per_family_member` thuộc nhóm `khả năng gánh khoản vay`, được tạo từ bảng `application_train` trong Data Layer.",loan_affordability,khả năng gánh khoản vay,application_train,application_features.parquet,numeric,float64,amount,currency,6.503832383231819e-06,307509,3064,False,False,True,True,False,unknown,currency_rounded
ext_source_mean,trung bình tín hiệu điểm ngoài,"Feature `ext_source_mean` thuộc nhóm `tín hiệu điểm ngoài`, được tạo từ bảng `application_train` trong Data Layer.",external_score_signal,tín hiệu điểm ngoài,application_train,application_features.parquet,numeric,float64,score,score,0.0005593295849579365,307339,300347,True,False,True,limited,False,higher_value_may_decrease_risk,number_3_decimal
ext_source_min,tín hiệu điểm ngoài thấp nhất,"Feature `ext_source_min` thuộc nhóm `tín hiệu điểm ngoài`, được tạo từ bảng `application_train` trong Data Layer.",external_score_signal,tín hiệu điểm ngoài,application_train,application_features.parquet,numeric,float64,score,score,0.0005593295849579365,307339,139146,True,False,True,limited,False,higher_value_may_decrease_risk,number_3_decimal
ext_source_max,tín hiệu điểm ngoài cao nhất,"Feature `ext_source_max` thuộc nhóm `tín hiệu điểm ngoài`, được tạo từ bảng `application_train` trong Data Layer.",external_score_signal,tín hiệu điểm ngoài,application_train,application_features.parquet,numeric,float64,score,score,0.0005593295849579365,307339,121113,True,False,True,limited,False,higher_value_may_decrease_risk,number_3_decimal
ext_source_std,độ biến động tín hiệu điểm ngoài,"Feature `ext_source_std` thuộc nhóm `tín hiệu điểm ngoài`, được tạo từ bảng `application_train` trong Data Layer.",external_score_signal,tín hiệu điểm ngoài,application_train,application_features.parquet,numeric,float64,score,score,0.12002497471635161,270602,269867,True,False,True,limited,False,higher_value_may_decrease_risk,number_3_decimal
ext_source_missing_count,số lượng tín hiệu điểm ngoài bị thiếu,"Feature `ext_source_missing_count` thuộc nhóm `tín hiệu điểm ngoài`, được tạo từ bảng `application_train` trong Data Layer.",external_score_signal,tín hiệu điểm ngoài,application_train,application_features.parquet,numeric,int8,count,count,0.0,307511,4,True,False,True,limited,False,higher_value_may_decrease_risk,integer
bureau_record_count,số bản ghi bureau,"Feature `bureau_record_count` thuộc nhóm `lịch sử tín dụng bên ngoài`, được tạo từ bảng `bureau` trong Data Layer.",external_credit_history,lịch sử tín dụng bên ngoài,bureau,bureau_features.parquet,numeric,float64,count,count,0.0,307511,61,False,False,True,True,False,unknown,integer
bureau_total_loans,tổng số khoản tín dụng bureau,"Feature `bureau_total_loans` thuộc nhóm `lịch sử tín dụng bên ngoài`, được tạo từ bảng `bureau` trong Data Layer.",external_credit_history,lịch sử tín dụng bên ngoài,bureau,bureau_features.parquet,numeric,float64,count,count,0.0,307511,61,False,False,True,True,False,unknown,integer
bureau_active_loan_count,số khoản tín dụng bureau đang hoạt động,"Feature `bureau_active_loan_count` thuộc nhóm `lịch sử tín dụng bên ngoài`, được tạo từ bảng `bureau` trong Data Layer.",external_credit_history,lịch sử tín dụng bên ngoài,bureau,bureau_features.parquet,numeric,float64,count,count,0.0,307511,23,False,False,True,True,False,unknown,integer
bureau_closed_loan_count,số khoản tín dụng bureau đã đóng,"Feature `bureau_closed_loan_count` thuộc nhóm `lịch sử tín dụng bên ngoài`, được tạo từ bảng `bureau` trong Data Layer.",external_credit_history,lịch sử tín dụng bên ngoài,bureau,bureau_features.parquet,numeric,float64,count,count,0.0,307511,54,False,False,True,True,False,higher_value_may_decrease_risk,integer
bureau_sold_loan_count,số khoản tín dụng bureau đã bán,"Feature `bureau_sold_loan_count` thuộc nhóm `lịch sử tín dụng bên ngoài`, được tạo từ bảng `bureau` trong Data Layer.",external_credit_history,lịch sử tín dụng bên ngoài,bureau,bureau_features.parquet,numeric,float64,count,count,0.0,307511,8,False,False,True,True,False,unknown,integer
bureau_bad_debt_count,số khoản nợ xấu bureau,"Feature `bureau_bad_debt_count` thuộc nhóm `lịch sử tín dụng bên ngoài`, được tạo từ bảng `bureau` trong Data Layer.",external_credit_history,lịch sử tín dụng bên ngoài,bureau,bureau_features.parquet,numeric,float64,count,count,0.0,307511,2,False,False,True,True,False,higher_value_may_increase_risk,integer
bureau_overdue_count,số khoản bureau bị quá hạn,"Feature `bureau_overdue_count` thuộc nhóm `lịch sử tín dụng bên ngoài`, được tạo từ bảng `bureau` trong Data Layer.",external_credit_history,lịch sử tín dụng bên ngoài,bureau,bureau_features.parquet,numeric,float64,count,count,0.0,307511,8,False,False,True,True,False,higher_value_may_increase_risk,integer
bureau_max_days_credit_overdue,số ngày quá hạn bureau lớn nhất,"Feature `bureau_max_days_credit_overdue` thuộc nhóm `lịch sử tín dụng bên ngoài`, được tạo từ bảng `bureau` trong Data Layer.",external_credit_history,lịch sử tín dụng bên ngoài,bureau,bureau_features.parquet,numeric,float64,days,days,0.14314935075493235,263491,868,False,False,True,True,False,higher_value_may_increase_risk,integer
bureau_avg_days_credit_overdue,số ngày quá hạn bureau trung bình,"Feature `bureau_avg_days_credit_overdue` thuộc nhóm `lịch sử tín dụng bên ngoài`, được tạo từ bảng `bureau` trong Data Layer.",external_credit_history,lịch sử tín dụng bên ngoài,bureau,bureau_features.parquet,numeric,float64,days,days,0.14314935075493235,263491,1541,False,False,True,True,False,higher_value_may_increase_risk,integer
bureau_credit_sum_total,tổng giá trị tín dụng bureau,"Feature `bureau_credit_sum_total` thuộc nhóm `lịch sử tín dụng bên ngoài`, được tạo từ bảng `bureau` trong Data Layer.",external_credit_history,lịch sử tín dụng bên ngoài,bureau,bureau_features.parquet,numeric,float64,amount,currency,0.0,307511,205644,False,False,True,True,False,unknown,currency_rounded
bureau_credit_sum_mean,bureau credit sum mean,"Feature `bureau_credit_sum_mean` thuộc nhóm `lịch sử tín dụng bên ngoài`, được tạo từ bảng `bureau` trong Data Layer.",external_credit_history,lịch sử tín dụng bên ngoài,bureau,bureau_features.parquet,numeric,float64,amount,currency,0.14315260267112395,263490,209604,False,False,True,True,False,unknown,currency_rounded
bureau_credit_sum_max,bureau credit sum max,"Feature `bureau_credit_sum_max` thuộc nhóm `lịch sử tín dụng bên ngoài`, được tạo từ bảng `bureau` trong Data Layer.",external_credit_history,lịch sử tín dụng bên ngoài,bureau,bureau_features.parquet,numeric,float64,amount,currency,0.14315260267112395,263490,65160,False,False,True,True,False,unknown,currency_rounded
bureau_credit_debt_total,tổng dư nợ bureau,"Feature `bureau_credit_debt_total` thuộc nhóm `lịch sử tín dụng bên ngoài`, được tạo từ bảng `bureau` trong Data Layer.",external_credit_history,lịch sử tín dụng bên ngoài,bureau,bureau_features.parquet,numeric,float64,amount,currency,0.0,307511,155004,False,False,True,True,False,unknown,currency_rounded
bureau_credit_debt_mean,bureau credit debt mean,"Feature `bureau_credit_debt_mean` thuộc nhóm `lịch sử tín dụng bên ngoài`, được tạo từ bảng `bureau` trong Data Layer.",external_credit_history,lịch sử tín dụng bên ngoài,bureau,bureau_features.parquet,numeric,float64,amount,currency,0.16708345392522544,256131,169333,False,False,True,True,False,unknown,currency_rounded
bureau_credit_debt_max,bureau credit debt max,"Feature `bureau_credit_debt_max` thuộc nhóm `lịch sử tín dụng bên ngoài`, được tạo từ bảng `bureau` trong Data Layer.",external_credit_history,lịch sử tín dụng bên ngoài,bureau,bureau_features.parquet,numeric,float64,amount,currency,0.16708345392522544,256131,138943,False,False,True,True,False,unknown,currency_rounded
bureau_credit_limit_total,tổng hạn mức tín dụng bureau,"Feature `bureau_credit_limit_total` thuộc nhóm `lịch sử tín dụng bên ngoài`, được tạo từ bảng `bureau` trong Data Layer.",external_credit_history,lịch sử tín dụng bên ngoài,bureau,bureau_features.parquet,numeric,float64,amount,currency,0.0,307511,37290,False,False,True,True,False,unknown,currency_rounded
bureau_credit_limit_mean,bureau credit limit mean,"Feature `bureau_credit_limit_mean` thuộc nhóm `lịch sử tín dụng bên ngoài`, được tạo từ bảng `bureau` trong Data Layer.",external_credit_history,lịch sử tín dụng bên ngoài,bureau,bureau_features.parquet,numeric,float64,amount,currency,0.21159893467225563,242442,38950,False,False,True,True,False,unknown,currency_rounded
bureau_overdue_amount_total,tổng số tiền quá hạn bureau,"Feature `bureau_overdue_amount_total` thuộc nhóm `lịch sử tín dụng bên ngoài`, được tạo từ bảng `bureau` trong Data Layer.",external_credit_history,lịch sử tín dụng bên ngoài,bureau,bureau_features.parquet,numeric,float64,amount,currency,0.0,307511,1218,False,False,True,True,False,higher_value_may_increase_risk,currency_rounded
bureau_overdue_amount_max,bureau overdue amount max,"Feature `bureau_overdue_amount_max` thuộc nhóm `lịch sử tín dụng bên ngoài`, được tạo từ bảng `bureau` trong Data Layer.",external_credit_history,lịch sử tín dụng bên ngoài,bureau,bureau_features.parquet,numeric,float64,amount,currency,0.14314935075493235,263491,1203,False,False,True,True,False,higher_value_may_increase_risk,currency_rounded
bureau_avg_days_credit,bureau avg days credit,"Feature `bureau_avg_days_credit` thuộc nhóm `lịch sử tín dụng bên ngoài`, được tạo từ bảng `bureau` trong Data Layer.",external_credit_history,lịch sử tín dụng bên ngoài,bureau,bureau_features.parquet,numeric,float64,days,days,0.14314935075493235,263491,64556,False,False,True,True,False,unknown,integer
bureau_min_days_credit,bureau min days credit,"Feature `bureau_min_days_credit` thuộc nhóm `lịch sử tín dụng bên ngoài`, được tạo từ bảng `bureau` trong Data Layer.",external_credit_history,lịch sử tín dụng bên ngoài,bureau,bureau_features.parquet,numeric,float64,days,days,0.14314935075493235,263491,2922,False,False,True,True,False,unknown,integer
bureau_max_days_credit,bureau max days credit,"Feature `bureau_max_days_credit` thuộc nhóm `lịch sử tín dụng bên ngoài`, được tạo từ bảng `bureau` trong Data Layer.",external_credit_history,lịch sử tín dụng bên ngoài,bureau,bureau_features.parquet,numeric,float64,days,days,0.14314935075493235,263491,2923,False,False,True,True,False,unknown,integer
bureau_recent_loan_count,bureau recent loan count,"Feature `bureau_recent_loan_count` thuộc nhóm `lịch sử tín dụng bên ngoài`, được tạo từ bảng `bureau` trong Data Layer.",external_credit_history,lịch sử tín dụng bên ngoài,bureau,bureau_features.parquet,numeric,float64,count,count,0.0,307511,32,False,False,True,True,False,unknown,integer
bureau_debt_to_credit_ratio,tỷ lệ dư nợ trên tổng tín dụng bureau,"Feature `bureau_debt_to_credit_ratio` thuộc nhóm `lịch sử tín dụng bên ngoài`, được tạo từ bảng `bureau` trong Data Layer.",external_credit_history,lịch sử tín dụng bên ngoài,bureau,bureau_features.parquet,numeric,float64,ratio,ratio,0.14667117599045237,262408,184778,False,False,True,True,False,higher_value_may_increase_risk,ratio_as_percentage_1_decimal
bureau_long_history_months,độ dài lịch sử bureau theo tháng,"Feature `bureau_long_history_months` thuộc nhóm `lịch sử tín dụng bên ngoài`, được tạo từ bảng `bureau` trong Data Layer.",external_credit_history,lịch sử tín dụng bên ngoài,bureau,bureau_features.parquet,numeric,float64,months,months,0.14314935075493235,263491,2922,False,False,True,True,False,unknown,integer
has_bureau_history,có lịch sử bureau hay không,"Feature `has_bureau_history` thuộc nhóm `lịch sử tín dụng bên ngoài`, được tạo từ bảng `bureau` trong Data Layer.",external_credit_history,lịch sử tín dụng bên ngoài,bureau,bureau_features.parquet,binary,int8,binary_indicator,0_or_1,0.0,307511,2,False,False,True,True,False,unknown,boolean_indicator
bureau_balance_months_observed,số tháng bureau balance quan sát được,"Feature `bureau_balance_months_observed` thuộc nhóm `hành vi tín dụng hàng tháng từ bureau`, được tạo từ bảng `bureau_balance` trong Data Layer.",bureau_monthly_behavior,hành vi tín dụng hàng tháng từ bureau,bureau_balance,bureau_balance_features.parquet,numeric,float64,count,count,0.0,307511,1102,False,False,True,True,False,unknown,integer
bureau_balance_good_status_count,số tháng bureau có trạng thái tốt,"Feature `bureau_balance_good_status_count` thuộc nhóm `hành vi tín dụng hàng tháng từ bureau`, được tạo từ bảng `bureau_balance` trong Data Layer.",bureau_monthly_behavior,hành vi tín dụng hàng tháng từ bureau,bureau_balance,bureau_balance_features.parquet,numeric,float64,count,count,0.0,307511,451,False,False,True,True,False,higher_value_may_decrease_risk,integer
bureau_balance_bad_status_count,số tháng bureau có trạng thái xấu,"Feature `bureau_balance_bad_status_count` thuộc nhóm `hành vi tín dụng hàng tháng từ bureau`, được tạo từ bảng `bureau_balance` trong Data Layer.",bureau_monthly_behavior,hành vi tín dụng hàng tháng từ bureau,bureau_balance,bureau_balance_features.parquet,numeric,float64,count,count,0.0,307511,162,False,False,True,True,False,higher_value_may_increase_risk,integer
bureau_balance_closed_status_count,bureau balance closed status count,"Feature `bureau_balance_closed_status_count` thuộc nhóm `hành vi tín dụng hàng tháng từ bureau`, được tạo từ bảng `bureau_balance` trong Data Layer.",bureau_monthly_behavior,hành vi tín dụng hàng tháng từ bureau,bureau_balance,bureau_balance_features.parquet,numeric,float64,count,count,0.0,307511,764,False,False,True,True,False,higher_value_may_decrease_risk,integer
bureau_balance_unknown_status_count,bureau balance unknown status count,"Feature `bureau_balance_unknown_status_count` thuộc nhóm `hành vi tín dụng hàng tháng từ bureau`, được tạo từ bảng `bureau_balance` trong Data Layer.",bureau_monthly_behavior,hành vi tín dụng hàng tháng từ bureau,bureau_balance,bureau_balance_features.parquet,numeric,float64,count,count,0.0,307511,536,False,False,True,True,False,unknown,integer
bureau_balance_recent_month_count,bureau balance recent month count,"Feature `bureau_balance_recent_month_count` thuộc nhóm `hành vi tín dụng hàng tháng từ bureau`, được tạo từ bảng `bureau_balance` trong Data Layer.",bureau_monthly_behavior,hành vi tín dụng hàng tháng từ bureau,bureau_balance,bureau_balance_features.parquet,numeric,float64,count,count,0.0,307511,352,False,False,True,True,False,unknown,integer
bureau_balance_recent_bad_status_count,bureau balance recent bad status count,"Feature `bureau_balance_recent_bad_status_count` thuộc nhóm `hành vi tín dụng hàng tháng từ bureau`, được tạo từ bảng `bureau_balance` trong Data Layer.",bureau_monthly_behavior,hành vi tín dụng hàng tháng từ bureau,bureau_balance,bureau_balance_features.parquet,numeric,float64,count,count,0.0,307511,60,False,False,True,True,False,higher_value_may_increase_risk,integer
bureau_balance_max_status_numeric,bureau balance max status numeric,"Feature `bureau_balance_max_status_numeric` thuộc nhóm `hành vi tín dụng hàng tháng từ bureau`, được tạo từ bảng `bureau_balance` trong Data Layer.",bureau_monthly_behavior,hành vi tín dụng hàng tháng từ bureau,bureau_balance,bureau_balance_features.parquet,numeric,float64,numeric,,0.7053243623805328,90616,6,False,False,True,True,False,unknown,number_3_decimal
bureau_balance_avg_status_numeric,bureau balance avg status numeric,"Feature `bureau_balance_avg_status_numeric` thuộc nhóm `hành vi tín dụng hàng tháng từ bureau`, được tạo từ bảng `bureau_balance` trong Data Layer.",bureau_monthly_behavior,hành vi tín dụng hàng tháng từ bureau,bureau_balance,bureau_balance_features.parquet,numeric,float64,numeric,,0.7053243623805328,90616,14559,False,False,True,True,False,unknown,number_3_decimal
bureau_balance_bad_status_ratio,tỷ lệ tháng bureau có trạng thái xấu,"Feature `bureau_balance_bad_status_ratio` thuộc nhóm `hành vi tín dụng hàng tháng từ bureau`, được tạo từ bảng `bureau_balance` trong Data Layer.",bureau_monthly_behavior,hành vi tín dụng hàng tháng từ bureau,bureau_balance,bureau_balance_features.parquet,numeric,float64,ratio,ratio,0.700072517731073,92231,6403,False,False,True,True,False,higher_value_may_increase_risk,ratio_as_percentage_1_decimal
bureau_balance_recent_bad_status_ratio,bureau balance recent bad status ratio,"Feature `bureau_balance_recent_bad_status_ratio` thuộc nhóm `hành vi tín dụng hàng tháng từ bureau`, được tạo từ bảng `bureau_balance` trong Data Layer.",bureau_monthly_behavior,hành vi tín dụng hàng tháng từ bureau,bureau_balance,bureau_balance_features.parquet,numeric,float64,ratio,ratio,0.7071486873640292,90055,1501,False,False,True,True,False,higher_value_may_increase_risk,ratio_as_percentage_1_decimal
has_bureau_balance_history,có lịch sử bureau balance hay không,"Feature `has_bureau_balance_history` thuộc nhóm `hành vi tín dụng hàng tháng từ bureau`, được tạo từ bảng `bureau_balance` trong Data Layer.",bureau_monthly_behavior,hành vi tín dụng hàng tháng từ bureau,bureau_balance,bureau_balance_features.parquet,binary,int8,binary_indicator,0_or_1,0.0,307511,2,False,False,True,True,False,unknown,boolean_indicator
previous_application_count,số đơn vay trước đó,"Feature `previous_application_count` thuộc nhóm `lịch sử đơn vay trước đó`, được tạo từ bảng `previous_application` trong Data Layer.",previous_application_behavior,lịch sử đơn vay trước đó,previous_application,previous_application_features.parquet,numeric,float64,count,count,0.0,307511,66,False,False,True,True,False,unknown,integer
previous_approved_count,số đơn vay trước được duyệt,"Feature `previous_approved_count` thuộc nhóm `lịch sử đơn vay trước đó`, được tạo từ bảng `previous_application` trong Data Layer.",previous_application_behavior,lịch sử đơn vay trước đó,previous_application,previous_application_features.parquet,numeric,float64,count,count,0.0,307511,26,False,False,True,True,False,higher_value_may_decrease_risk,integer
previous_refused_count,số đơn vay trước bị từ chối,"Feature `previous_refused_count` thuộc nhóm `lịch sử đơn vay trước đó`, được tạo từ bảng `previous_application` trong Data Layer.",previous_application_behavior,lịch sử đơn vay trước đó,previous_application,previous_application_features.parquet,numeric,float64,count,count,0.0,307511,46,False,False,True,True,False,higher_value_may_increase_risk,integer
previous_canceled_count,previous canceled count,"Feature `previous_canceled_count` thuộc nhóm `lịch sử đơn vay trước đó`, được tạo từ bảng `previous_application` trong Data Layer.",previous_application_behavior,lịch sử đơn vay trước đó,previous_application,previous_application_features.parquet,numeric,float64,count,count,0.0,307511,39,False,False,True,True,False,higher_value_may_increase_risk,integer
previous_unused_offer_count,previous unused offer count,"Feature `previous_unused_offer_count` thuộc nhóm `lịch sử đơn vay trước đó`, được tạo từ bảng `previous_application` trong Data Layer.",previous_application_behavior,lịch sử đơn vay trước đó,previous_application,previous_application_features.parquet,numeric,float64,count,count,0.0,307511,11,False,False,True,True,False,unknown,integer
previous_avg_credit_amount,previous avg credit amount,"Feature `previous_avg_credit_amount` thuộc nhóm `lịch sử đơn vay trước đó`, được tạo từ bảng `previous_application` trong Data Layer.",previous_application_behavior,lịch sử đơn vay trước đó,previous_application,previous_application_features.parquet,numeric,float64,amount,currency,0.05350702901684818,291057,210634,False,False,True,True,False,unknown,currency_rounded
previous_max_credit_amount,previous max credit amount,"Feature `previous_max_credit_amount` thuộc nhóm `lịch sử đơn vay trước đó`, được tạo từ bảng `previous_application` trong Data Layer.",previous_application_behavior,lịch sử đơn vay trước đó,previous_application,previous_application_features.parquet,numeric,float64,amount,currency,0.05350702901684818,291057,58510,False,False,True,True,False,unknown,currency_rounded
previous_total_credit_amount,previous total credit amount,"Feature `previous_total_credit_amount` thuộc nhóm `lịch sử đơn vay trước đó`, được tạo từ bảng `previous_application` trong Data Layer.",previous_application_behavior,lịch sử đơn vay trước đó,previous_application,previous_application_features.parquet,numeric,float64,amount,currency,0.0,307511,194245,False,False,True,True,False,unknown,currency_rounded
previous_avg_annuity,previous avg annuity,"Feature `previous_avg_annuity` thuộc nhóm `lịch sử đơn vay trước đó`, được tạo từ bảng `previous_application` trong Data Layer.",previous_application_behavior,lịch sử đơn vay trước đó,previous_application,previous_application_features.parquet,numeric,float64,amount,currency,0.054863078068752014,290640,268978,False,False,True,True,False,unknown,currency_rounded
previous_max_annuity,previous max annuity,"Feature `previous_max_annuity` thuộc nhóm `lịch sử đơn vay trước đó`, được tạo từ bảng `previous_application` trong Data Layer.",previous_application_behavior,lịch sử đơn vay trước đó,previous_application,previous_application_features.parquet,numeric,float64,amount,currency,0.054863078068752014,290640,145950,False,False,True,True,False,unknown,currency_rounded
previous_avg_application_amount,previous avg application amount,"Feature `previous_avg_application_amount` thuộc nhóm `lịch sử đơn vay trước đó`, được tạo từ bảng `previous_application` trong Data Layer.",previous_application_behavior,lịch sử đơn vay trước đó,previous_application,previous_application_features.parquet,numeric,float64,amount,currency,0.05350702901684818,291057,191770,False,False,True,True,False,unknown,currency_rounded
previous_total_application_amount,previous total application amount,"Feature `previous_total_application_amount` thuộc nhóm `lịch sử đơn vay trước đó`, được tạo từ bảng `previous_application` trong Data Layer.",previous_application_behavior,lịch sử đơn vay trước đó,previous_application,previous_application_features.parquet,numeric,float64,amount,currency,0.0,307511,175562,False,False,True,True,False,unknown,currency_rounded
previous_avg_days_decision,previous avg days decision,"Feature `previous_avg_days_decision` thuộc nhóm `lịch sử đơn vay trước đó`, được tạo từ bảng `previous_application` trong Data Layer.",previous_application_behavior,lịch sử đơn vay trước đó,previous_application,previous_application_features.parquet,numeric,float64,days,days,0.05350702901684818,291057,60029,False,False,True,True,False,unknown,integer
previous_recent_application_count,previous recent application count,"Feature `previous_recent_application_count` thuộc nhóm `lịch sử đơn vay trước đó`, được tạo từ bảng `previous_application` trong Data Layer.",previous_application_behavior,lịch sử đơn vay trước đó,previous_application,previous_application_features.parquet,numeric,float64,count,count,0.0,307511,54,False,False,True,True,False,unknown,integer
previous_cash_loan_count,previous cash loan count,"Feature `previous_cash_loan_count` thuộc nhóm `lịch sử đơn vay trước đó`, được tạo từ bảng `previous_application` trong Data Layer.",previous_application_behavior,lịch sử đơn vay trước đó,previous_application,previous_application_features.parquet,numeric,float64,count,count,0.0,307511,59,False,False,True,True,False,unknown,integer
previous_consumer_loan_count,previous consumer loan count,"Feature `previous_consumer_loan_count` thuộc nhóm `lịch sử đơn vay trước đó`, được tạo từ bảng `previous_application` trong Data Layer.",previous_application_behavior,lịch sử đơn vay trước đó,previous_application,previous_application_features.parquet,numeric,float64,count,count,0.0,307511,36,False,False,True,True,False,unknown,integer
previous_revolving_loan_count,previous revolving loan count,"Feature `previous_revolving_loan_count` thuộc nhóm `lịch sử đơn vay trước đó`, được tạo từ bảng `previous_application` trong Data Layer.",previous_application_behavior,lịch sử đơn vay trước đó,previous_application,previous_application_features.parquet,numeric,float64,count,count,0.0,307511,27,False,False,True,True,False,unknown,integer
previous_approval_ratio,tỷ lệ đơn vay trước được duyệt,"Feature `previous_approval_ratio` thuộc nhóm `lịch sử đơn vay trước đó`, được tạo từ bảng `previous_application` trong Data Layer.",previous_application_behavior,lịch sử đơn vay trước đó,previous_application,previous_application_features.parquet,numeric,float64,ratio,ratio,0.05350702901684818,291057,362,False,False,True,True,False,higher_value_may_decrease_risk,ratio_as_percentage_1_decimal
previous_refusal_ratio,tỷ lệ đơn vay trước bị từ chối,"Feature `previous_refusal_ratio` thuộc nhóm `lịch sử đơn vay trước đó`, được tạo từ bảng `previous_application` trong Data Layer.",previous_application_behavior,lịch sử đơn vay trước đó,previous_application,previous_application_features.parquet,numeric,float64,ratio,ratio,0.05350702901684818,291057,397,False,False,True,True,False,higher_value_may_increase_risk,ratio_as_percentage_1_decimal
previous_canceled_ratio,previous canceled ratio,"Feature `previous_canceled_ratio` thuộc nhóm `lịch sử đơn vay trước đó`, được tạo từ bảng `previous_application` trong Data Layer.",previous_application_behavior,lịch sử đơn vay trước đó,previous_application,previous_application_features.parquet,numeric,float64,ratio,ratio,0.05350702901684818,291057,362,False,False,True,True,False,higher_value_may_increase_risk,ratio_as_percentage_1_decimal
previous_credit_to_application_ratio,previous credit to application ratio,"Feature `previous_credit_to_application_ratio` thuộc nhóm `lịch sử đơn vay trước đó`, được tạo từ bảng `previous_application` trong Data Layer.",previous_application_behavior,lịch sử đơn vay trước đó,previous_application,previous_application_features.parquet,numeric,float64,ratio,ratio,0.056807723951338325,290042,256081,False,False,True,True,False,unknown,ratio_as_percentage_1_decimal
has_previous_application_history,có lịch sử đơn vay trước hay không,"Feature `has_previous_application_history` thuộc nhóm `lịch sử đơn vay trước đó`, được tạo từ bảng `previous_application` trong Data Layer.",previous_application_behavior,lịch sử đơn vay trước đó,previous_application,previous_application_features.parquet,binary,int8,binary_indicator,0_or_1,0.0,307511,2,False,False,True,True,False,unknown,boolean_indicator
installment_count,installment count,"Feature `installment_count` thuộc nhóm `hành vi trả góp`, được tạo từ bảng `installments_payments` trong Data Layer.",installment_repayment_behavior,hành vi trả góp,installments_payments,installments_features.parquet,numeric,float64,count,count,0.0,307511,320,False,False,True,True,False,unknown,integer
installment_late_payment_count,installment late payment count,"Feature `installment_late_payment_count` thuộc nhóm `hành vi trả góp`, được tạo từ bảng `installments_payments` trong Data Layer.",installment_repayment_behavior,hành vi trả góp,installments_payments,installments_features.parquet,numeric,float64,count,count,0.0,307511,102,False,False,True,True,False,higher_value_may_increase_risk,integer
installment_early_payment_count,installment early payment count,"Feature `installment_early_payment_count` thuộc nhóm `hành vi trả góp`, được tạo từ bảng `installments_payments` trong Data Layer.",installment_repayment_behavior,hành vi trả góp,installments_payments,installments_features.parquet,numeric,float64,count,count,0.0,307511,222,False,False,True,True,False,higher_value_may_decrease_risk,integer
installment_avg_days_late,installment avg days late,"Feature `installment_avg_days_late` thuộc nhóm `hành vi trả góp`, được tạo từ bảng `installments_payments` trong Data Layer.",installment_repayment_behavior,hành vi trả góp,installments_payments,installments_features.parquet,numeric,float64,days,days,0.4959562422157256,154999,9495,False,False,True,True,False,higher_value_may_increase_risk,integer
installment_max_days_late,installment max days late,"Feature `installment_max_days_late` thuộc nhóm `hành vi trả góp`, được tạo từ bảng `installments_payments` trong Data Layer.",installment_repayment_behavior,hành vi trả góp,installments_payments,installments_features.parquet,numeric,float64,days,days,0.4959562422157256,154999,1641,False,False,True,True,False,higher_value_may_increase_risk,integer
installment_sum_days_late,installment sum days late,"Feature `installment_sum_days_late` thuộc nhóm `hành vi trả góp`, được tạo từ bảng `installments_payments` trong Data Layer.",installment_repayment_behavior,hành vi trả góp,installments_payments,installments_features.parquet,numeric,float64,days,days,0.0,307511,2077,False,False,True,True,False,higher_value_may_increase_risk,integer
installment_avg_days_early,installment avg days early,"Feature `installment_avg_days_early` thuộc nhóm `hành vi trả góp`, được tạo từ bảng `installments_payments` trong Data Layer.",installment_repayment_behavior,hành vi trả góp,installments_payments,installments_features.parquet,numeric,float64,days,days,0.05423545824377014,290833,40552,False,False,True,True,False,higher_value_may_decrease_risk,integer
installment_max_days_early,installment max days early,"Feature `installment_max_days_early` thuộc nhóm `hành vi trả góp`, được tạo từ bảng `installments_payments` trong Data Layer.",installment_repayment_behavior,hành vi trả góp,installments_payments,installments_features.parquet,numeric,float64,days,days,0.05423545824377014,290833,421,False,False,True,True,False,higher_value_may_decrease_risk,integer
installment_underpayment_count,installment underpayment count,"Feature `installment_underpayment_count` thuộc nhóm `hành vi trả góp`, được tạo từ bảng `installments_payments` trong Data Layer.",installment_repayment_behavior,hành vi trả góp,installments_payments,installments_features.parquet,numeric,float64,count,count,0.0,307511,126,False,False,True,True,False,higher_value_may_increase_risk,integer
installment_fully_paid_count,installment fully paid count,"Feature `installment_fully_paid_count` thuộc nhóm `hành vi trả góp`, được tạo từ bảng `installments_payments` trong Data Layer.",installment_repayment_behavior,hành vi trả góp,installments_payments,installments_features.parquet,numeric,float64,count,count,0.0,307511,297,False,False,True,True,False,higher_value_may_decrease_risk,integer
installment_payment_ratio_avg,installment payment ratio avg,"Feature `installment_payment_ratio_avg` thuộc nhóm `hành vi trả góp`, được tạo từ bảng `installments_payments` trong Data Layer.",installment_repayment_behavior,hành vi trả góp,installments_payments,installments_features.parquet,numeric,float64,ratio,ratio,0.05163717720666903,291632,42704,False,False,True,True,False,unknown,ratio_as_percentage_1_decimal
installment_payment_ratio_min,installment payment ratio min,"Feature `installment_payment_ratio_min` thuộc nhóm `hành vi trả góp`, được tạo từ bảng `installments_payments` trong Data Layer.",installment_repayment_behavior,hành vi trả góp,installments_payments,installments_features.parquet,numeric,float64,ratio,ratio,0.05163717720666903,291632,117014,False,False,True,True,False,unknown,ratio_as_percentage_1_decimal
installment_payment_ratio_max,installment payment ratio max,"Feature `installment_payment_ratio_max` thuộc nhóm `hành vi trả góp`, được tạo từ bảng `installments_payments` trong Data Layer.",installment_repayment_behavior,hành vi trả góp,installments_payments,installments_features.parquet,numeric,float64,ratio,ratio,0.05163717720666903,291632,36094,False,False,True,True,False,unknown,ratio_as_percentage_1_decimal
installment_payment_ratio_std,installment payment ratio std,"Feature `installment_payment_ratio_std` thuộc nhóm `hành vi trả góp`, được tạo từ bảng `installments_payments` trong Data Layer.",installment_repayment_behavior,hành vi trả góp,installments_payments,installments_features.parquet,numeric,float64,ratio,ratio,0.05387449554650078,290944,143879,False,False,True,True,False,unknown,ratio_as_percentage_1_decimal
installment_total_expected_amount,installment total expected amount,"Feature `installment_total_expected_amount` thuộc nhóm `hành vi trả góp`, được tạo từ bảng `installments_payments` trong Data Layer.",installment_repayment_behavior,hành vi trả góp,installments_payments,installments_features.parquet,numeric,float64,amount,currency,0.0,307511,288144,False,False,True,True,False,unknown,currency_rounded
installment_total_paid_amount,installment total paid amount,"Feature `installment_total_paid_amount` thuộc nhóm `hành vi trả góp`, được tạo từ bảng `installments_payments` trong Data Layer.",installment_repayment_behavior,hành vi trả góp,installments_payments,installments_features.parquet,numeric,float64,amount,currency,0.0,307511,287755,False,False,True,True,False,unknown,currency_rounded
installment_late_payment_ratio,tỷ lệ kỳ thanh toán bị trễ,"Feature `installment_late_payment_ratio` thuộc nhóm `hành vi trả góp`, được tạo từ bảng `installments_payments` trong Data Layer.",installment_repayment_behavior,hành vi trả góp,installments_payments,installments_features.parquet,numeric,float64,ratio,ratio,0.051601406128561254,291643,4972,False,False,True,True,False,higher_value_may_increase_risk,ratio_as_percentage_1_decimal
installment_early_payment_ratio,installment early payment ratio,"Feature `installment_early_payment_ratio` thuộc nhóm `hành vi trả góp`, được tạo từ bảng `installments_payments` trong Data Layer.",installment_repayment_behavior,hành vi trả góp,installments_payments,installments_features.parquet,numeric,float64,ratio,ratio,0.051601406128561254,291643,8746,False,False,True,True,False,higher_value_may_decrease_risk,ratio_as_percentage_1_decimal
installment_underpayment_ratio,tỷ lệ kỳ thanh toán trả thiếu,"Feature `installment_underpayment_ratio` thuộc nhóm `hành vi trả góp`, được tạo từ bảng `installments_payments` trong Data Layer.",installment_repayment_behavior,hành vi trả góp,installments_payments,installments_features.parquet,numeric,float64,ratio,ratio,0.051601406128561254,291643,4892,False,False,True,True,False,higher_value_may_increase_risk,ratio_as_percentage_1_decimal
installment_total_payment_gap,tổng chênh lệch giữa số phải trả và đã trả,"Feature `installment_total_payment_gap` thuộc nhóm `hành vi trả góp`, được tạo từ bảng `installments_payments` trong Data Layer.",installment_repayment_behavior,hành vi trả góp,installments_payments,installments_features.parquet,numeric,float64,amount,currency,0.0,307511,131290,False,False,True,True,False,higher_value_may_increase_risk,currency_rounded
installment_recent_count,installment recent count,"Feature `installment_recent_count` thuộc nhóm `hành vi trả góp`, được tạo từ bảng `installments_payments` trong Data Layer.",installment_repayment_behavior,hành vi trả góp,installments_payments,installments_features.parquet,numeric,float64,count,count,0.0,307511,13,False,False,True,True,False,unknown,integer
installment_recent_late_payment_count,installment recent late payment count,"Feature `installment_recent_late_payment_count` thuộc nhóm `hành vi trả góp`, được tạo từ bảng `installments_payments` trong Data Layer.",installment_repayment_behavior,hành vi trả góp,installments_payments,installments_features.parquet,numeric,float64,count,count,0.0,307511,13,False,False,True,True,False,higher_value_may_increase_risk,integer
installment_recent_payment_ratio_avg,installment recent payment ratio avg,"Feature `installment_recent_payment_ratio_avg` thuộc nhóm `hành vi trả góp`, được tạo từ bảng `installments_payments` trong Data Layer.",installment_repayment_behavior,hành vi trả góp,installments_payments,installments_features.parquet,numeric,float64,ratio,ratio,0.05166644445239357,291623,35182,False,False,True,True,False,unknown,ratio_as_percentage_1_decimal
installment_recent_underpayment_count,installment recent underpayment count,"Feature `installment_recent_underpayment_count` thuộc nhóm `hành vi trả góp`, được tạo từ bảng `installments_payments` trong Data Layer.",installment_repayment_behavior,hành vi trả góp,installments_payments,installments_features.parquet,numeric,float64,count,count,0.0,307511,13,False,False,True,True,False,higher_value_may_increase_risk,integer
installment_recent_late_payment_ratio,installment recent late payment ratio,"Feature `installment_recent_late_payment_ratio` thuộc nhóm `hành vi trả góp`, được tạo từ bảng `installments_payments` trong Data Layer.",installment_repayment_behavior,hành vi trả góp,installments_payments,installments_features.parquet,numeric,float64,ratio,ratio,0.051601406128561254,291643,47,False,False,True,True,False,higher_value_may_increase_risk,ratio_as_percentage_1_decimal
installment_recent_underpayment_ratio,installment recent underpayment ratio,"Feature `installment_recent_underpayment_ratio` thuộc nhóm `hành vi trả góp`, được tạo từ bảng `installments_payments` trong Data Layer.",installment_repayment_behavior,hành vi trả góp,installments_payments,installments_features.parquet,numeric,float64,ratio,ratio,0.051601406128561254,291643,46,False,False,True,True,False,higher_value_may_increase_risk,ratio_as_percentage_1_decimal
has_installment_history,có lịch sử trả góp hay không,"Feature `has_installment_history` thuộc nhóm `hành vi trả góp`, được tạo từ bảng `installments_payments` trong Data Layer.",installment_repayment_behavior,hành vi trả góp,installments_payments,installments_features.parquet,binary,int8,binary_indicator,0_or_1,0.0,307511,2,False,False,True,True,False,unknown,boolean_indicator
pos_cash_months_observed,pos cash months observed,"Feature `pos_cash_months_observed` thuộc nhóm `hành vi khoản vay POS/CASH`, được tạo từ bảng `POS_CASH_balance` trong Data Layer.",pos_cash_behavior,hành vi khoản vay POS/CASH,POS_CASH_balance,pos_cash_features.parquet,numeric,float64,count,count,0.0,307511,228,False,False,True,True,False,unknown,integer
pos_cash_contract_count,pos cash contract count,"Feature `pos_cash_contract_count` thuộc nhóm `hành vi khoản vay POS/CASH`, được tạo từ bảng `POS_CASH_balance` trong Data Layer.",pos_cash_behavior,hành vi khoản vay POS/CASH,POS_CASH_balance,pos_cash_features.parquet,numeric,float64,count,count,0.0,307511,26,False,False,True,True,False,unknown,integer
pos_cash_avg_installment_count,pos cash avg installment count,"Feature `pos_cash_avg_installment_count` thuộc nhóm `hành vi khoản vay POS/CASH`, được tạo từ bảng `POS_CASH_balance` trong Data Layer.",pos_cash_behavior,hành vi khoản vay POS/CASH,POS_CASH_balance,pos_cash_features.parquet,numeric,float64,numeric,,0.05883041582252342,289420,41222,False,False,True,True,False,unknown,number_3_decimal
pos_cash_avg_future_installment_count,pos cash avg future installment count,"Feature `pos_cash_avg_future_installment_count` thuộc nhóm `hành vi khoản vay POS/CASH`, được tạo từ bảng `POS_CASH_balance` trong Data Layer.",pos_cash_behavior,hành vi khoản vay POS/CASH,POS_CASH_balance,pos_cash_features.parquet,numeric,float64,numeric,,0.05883041582252342,289420,39840,False,False,True,True,False,unknown,number_3_decimal
pos_cash_min_future_installment_count,pos cash min future installment count,"Feature `pos_cash_min_future_installment_count` thuộc nhóm `hành vi khoản vay POS/CASH`, được tạo từ bảng `POS_CASH_balance` trong Data Layer.",pos_cash_behavior,hành vi khoản vay POS/CASH,POS_CASH_balance,pos_cash_features.parquet,numeric,float64,numeric,,0.05883041582252342,289420,61,False,False,True,True,False,unknown,number_3_decimal
pos_cash_max_future_installment_count,pos cash max future installment count,"Feature `pos_cash_max_future_installment_count` thuộc nhóm `hành vi khoản vay POS/CASH`, được tạo từ bảng `POS_CASH_balance` trong Data Layer.",pos_cash_behavior,hành vi khoản vay POS/CASH,POS_CASH_balance,pos_cash_features.parquet,numeric,float64,numeric,,0.05883041582252342,289420,62,False,False,True,True,False,unknown,number_3_decimal
pos_cash_dpd_count,pos cash dpd count,"Feature `pos_cash_dpd_count` thuộc nhóm `hành vi khoản vay POS/CASH`, được tạo từ bảng `POS_CASH_balance` trong Data Layer.",pos_cash_behavior,hành vi khoản vay POS/CASH,POS_CASH_balance,pos_cash_features.parquet,numeric,float64,count,count,0.0,307511,103,False,False,True,True,False,higher_value_may_increase_risk,integer
pos_cash_avg_dpd,pos cash avg dpd,"Feature `pos_cash_avg_dpd` thuộc nhóm `hành vi khoản vay POS/CASH`, được tạo từ bảng `POS_CASH_balance` trong Data Layer.",pos_cash_behavior,hành vi khoản vay POS/CASH,POS_CASH_balance,pos_cash_features.parquet,numeric,float64,days,days,0.05875236983392464,289444,10768,False,False,True,True,False,higher_value_may_increase_risk,integer
pos_cash_max_dpd,pos cash max dpd,"Feature `pos_cash_max_dpd` thuộc nhóm `hành vi khoản vay POS/CASH`, được tạo từ bảng `POS_CASH_balance` trong Data Layer.",pos_cash_behavior,hành vi khoản vay POS/CASH,POS_CASH_balance,pos_cash_features.parquet,numeric,float64,days,days,0.05875236983392464,289444,1919,False,False,True,True,False,higher_value_may_increase_risk,integer
pos_cash_def_dpd_count,pos cash def dpd count,"Feature `pos_cash_def_dpd_count` thuộc nhóm `hành vi khoản vay POS/CASH`, được tạo từ bảng `POS_CASH_balance` trong Data Layer.",pos_cash_behavior,hành vi khoản vay POS/CASH,POS_CASH_balance,pos_cash_features.parquet,numeric,float64,count,count,0.0,307511,62,False,False,True,True,False,higher_value_may_increase_risk,integer
pos_cash_avg_def_dpd,pos cash avg def dpd,"Feature `pos_cash_avg_def_dpd` thuộc nhóm `hành vi khoản vay POS/CASH`, được tạo từ bảng `POS_CASH_balance` trong Data Layer.",pos_cash_behavior,hành vi khoản vay POS/CASH,POS_CASH_balance,pos_cash_features.parquet,numeric,float64,days,days,0.05875236983392464,289444,4471,False,False,True,True,False,higher_value_may_increase_risk,integer
pos_cash_max_def_dpd,pos cash max def dpd,"Feature `pos_cash_max_def_dpd` thuộc nhóm `hành vi khoản vay POS/CASH`, được tạo từ bảng `POS_CASH_balance` trong Data Layer.",pos_cash_behavior,hành vi khoản vay POS/CASH,POS_CASH_balance,pos_cash_features.parquet,numeric,float64,days,days,0.05875236983392464,289444,200,False,False,True,True,False,higher_value_may_increase_risk,integer
pos_cash_active_count,pos cash active count,"Feature `pos_cash_active_count` thuộc nhóm `hành vi khoản vay POS/CASH`, được tạo từ bảng `POS_CASH_balance` trong Data Layer.",pos_cash_behavior,hành vi khoản vay POS/CASH,POS_CASH_balance,pos_cash_features.parquet,numeric,float64,count,count,0.0,307511,212,False,False,True,True,False,unknown,integer
pos_cash_completed_count,pos cash completed count,"Feature `pos_cash_completed_count` thuộc nhóm `hành vi khoản vay POS/CASH`, được tạo từ bảng `POS_CASH_balance` trong Data Layer.",pos_cash_behavior,hành vi khoản vay POS/CASH,POS_CASH_balance,pos_cash_features.parquet,numeric,float64,count,count,0.0,307511,47,False,False,True,True,False,unknown,integer
pos_cash_demand_count,pos cash demand count,"Feature `pos_cash_demand_count` thuộc nhóm `hành vi khoản vay POS/CASH`, được tạo từ bảng `POS_CASH_balance` trong Data Layer.",pos_cash_behavior,hành vi khoản vay POS/CASH,POS_CASH_balance,pos_cash_features.parquet,numeric,float64,count,count,0.0,307511,53,False,False,True,True,False,unknown,integer
pos_cash_signed_count,pos cash signed count,"Feature `pos_cash_signed_count` thuộc nhóm `hành vi khoản vay POS/CASH`, được tạo từ bảng `POS_CASH_balance` trong Data Layer.",pos_cash_behavior,hành vi khoản vay POS/CASH,POS_CASH_balance,pos_cash_features.parquet,numeric,float64,count,count,0.0,307511,32,False,False,True,True,False,unknown,integer
pos_cash_status_xna_count,pos cash status xna count,"Feature `pos_cash_status_xna_count` thuộc nhóm `hành vi khoản vay POS/CASH`, được tạo từ bảng `POS_CASH_balance` trong Data Layer.",pos_cash_behavior,hành vi khoản vay POS/CASH,POS_CASH_balance,pos_cash_features.parquet,numeric,float64,count,count,0.0,307511,2,False,False,True,True,False,unknown,integer
pos_cash_dpd_ratio,tỷ lệ tháng POS/CASH bị quá hạn,"Feature `pos_cash_dpd_ratio` thuộc nhóm `hành vi khoản vay POS/CASH`, được tạo từ bảng `POS_CASH_balance` trong Data Layer.",pos_cash_behavior,hành vi khoản vay POS/CASH,POS_CASH_balance,pos_cash_features.parquet,numeric,float64,ratio,ratio,0.05875236983392464,289444,2499,False,False,True,True,False,higher_value_may_increase_risk,ratio_as_percentage_1_decimal
pos_cash_def_dpd_ratio,pos cash def dpd ratio,"Feature `pos_cash_def_dpd_ratio` thuộc nhóm `hành vi khoản vay POS/CASH`, được tạo từ bảng `POS_CASH_balance` trong Data Layer.",pos_cash_behavior,hành vi khoản vay POS/CASH,POS_CASH_balance,pos_cash_features.parquet,numeric,float64,ratio,ratio,0.05875236983392464,289444,1258,False,False,True,True,False,higher_value_may_increase_risk,ratio_as_percentage_1_decimal
has_pos_cash_history,có lịch sử POS/CASH hay không,"Feature `has_pos_cash_history` thuộc nhóm `hành vi khoản vay POS/CASH`, được tạo từ bảng `POS_CASH_balance` trong Data Layer.",pos_cash_behavior,hành vi khoản vay POS/CASH,POS_CASH_balance,pos_cash_features.parquet,binary,int8,binary_indicator,0_or_1,0.0,307511,2,False,False,True,True,False,unknown,boolean_indicator
credit_card_months_observed,credit card months observed,"Feature `credit_card_months_observed` thuộc nhóm `hành vi sử dụng thẻ tín dụng`, được tạo từ bảng `credit_card_balance` trong Data Layer.",credit_card_usage_behavior,hành vi sử dụng thẻ tín dụng,credit_card_balance,credit_card_features.parquet,numeric,float64,count,count,0.0,307511,129,False,False,True,True,False,unknown,integer
credit_card_avg_balance,credit card avg balance,"Feature `credit_card_avg_balance` thuộc nhóm `hành vi sử dụng thẻ tín dụng`, được tạo từ bảng `credit_card_balance` trong Data Layer.",credit_card_usage_behavior,hành vi sử dụng thẻ tín dụng,credit_card_balance,credit_card_features.parquet,numeric,float64,amount,currency,0.7173922233676193,86905,59467,False,False,True,True,False,unknown,currency_rounded
credit_card_max_balance,credit card max balance,"Feature `credit_card_max_balance` thuộc nhóm `hành vi sử dụng thẻ tín dụng`, được tạo từ bảng `credit_card_balance` trong Data Layer.",credit_card_usage_behavior,hành vi sử dụng thẻ tín dụng,credit_card_balance,credit_card_features.parquet,numeric,float64,amount,currency,0.7173922233676193,86905,56722,False,False,True,True,False,unknown,currency_rounded
credit_card_min_balance,credit card min balance,"Feature `credit_card_min_balance` thuộc nhóm `hành vi sử dụng thẻ tín dụng`, được tạo từ bảng `credit_card_balance` trong Data Layer.",credit_card_usage_behavior,hành vi sử dụng thẻ tín dụng,credit_card_balance,credit_card_features.parquet,numeric,float64,amount,currency,0.7173922233676193,86905,11608,False,False,True,True,False,unknown,currency_rounded
credit_card_avg_limit,credit card avg limit,"Feature `credit_card_avg_limit` thuộc nhóm `hành vi sử dụng thẻ tín dụng`, được tạo từ bảng `credit_card_balance` trong Data Layer.",credit_card_usage_behavior,hành vi sử dụng thẻ tín dụng,credit_card_balance,credit_card_features.parquet,numeric,float64,amount,currency,0.7173922233676193,86905,11313,False,False,True,True,False,unknown,currency_rounded
credit_card_max_limit,credit card max limit,"Feature `credit_card_max_limit` thuộc nhóm `hành vi sử dụng thẻ tín dụng`, được tạo từ bảng `credit_card_balance` trong Data Layer.",credit_card_usage_behavior,hành vi sử dụng thẻ tín dụng,credit_card_balance,credit_card_features.parquet,numeric,float64,amount,currency,0.7173922233676193,86905,54,False,False,True,True,False,unknown,currency_rounded
credit_card_avg_utilization,mức sử dụng thẻ tín dụng trung bình,"Feature `credit_card_avg_utilization` thuộc nhóm `hành vi sử dụng thẻ tín dụng`, được tạo từ bảng `credit_card_balance` trong Data Layer.",credit_card_usage_behavior,hành vi sử dụng thẻ tín dụng,credit_card_balance,credit_card_features.parquet,numeric,float64,ratio,ratio,0.7202181385381335,86036,59105,False,False,True,True,False,higher_value_may_increase_risk,ratio_as_percentage_1_decimal
credit_card_max_utilization,mức sử dụng thẻ tín dụng cao nhất,"Feature `credit_card_max_utilization` thuộc nhóm `hành vi sử dụng thẻ tín dụng`, được tạo từ bảng `credit_card_balance` trong Data Layer.",credit_card_usage_behavior,hành vi sử dụng thẻ tín dụng,credit_card_balance,credit_card_features.parquet,numeric,float64,ratio,ratio,0.7202181385381335,86036,56150,False,False,True,True,False,higher_value_may_increase_risk,ratio_as_percentage_1_decimal
credit_card_avg_payment_to_min_ratio,credit card avg payment to min ratio,"Feature `credit_card_avg_payment_to_min_ratio` thuộc nhóm `hành vi sử dụng thẻ tín dụng`, được tạo từ bảng `credit_card_balance` trong Data Layer.",credit_card_usage_behavior,hành vi sử dụng thẻ tín dụng,credit_card_balance,credit_card_features.parquet,numeric,float64,ratio,ratio,0.8072296600772005,59279,57701,False,False,True,True,False,unknown,ratio_as_percentage_1_decimal
credit_card_min_payment_to_min_ratio,credit card min payment to min ratio,"Feature `credit_card_min_payment_to_min_ratio` thuộc nhóm `hành vi sử dụng thẻ tín dụng`, được tạo từ bảng `credit_card_balance` trong Data Layer.",credit_card_usage_behavior,hành vi sử dụng thẻ tín dụng,credit_card_balance,credit_card_features.parquet,numeric,float64,ratio,ratio,0.8072296600772005,59279,20770,False,False,True,True,False,unknown,ratio_as_percentage_1_decimal
credit_card_total_drawings,credit card total drawings,"Feature `credit_card_total_drawings` thuộc nhóm `hành vi sử dụng thẻ tín dụng`, được tạo từ bảng `credit_card_balance` trong Data Layer.",credit_card_usage_behavior,hành vi sử dụng thẻ tín dụng,credit_card_balance,credit_card_features.parquet,numeric,float64,amount,currency,0.0,307511,40377,False,False,True,True,False,unknown,currency_rounded
credit_card_avg_drawings,credit card avg drawings,"Feature `credit_card_avg_drawings` thuộc nhóm `hành vi sử dụng thẻ tín dụng`, được tạo từ bảng `credit_card_balance` trong Data Layer.",credit_card_usage_behavior,hành vi sử dụng thẻ tín dụng,credit_card_balance,credit_card_features.parquet,numeric,float64,amount,currency,0.7173922233676193,86905,49079,False,False,True,True,False,unknown,currency_rounded
credit_card_max_drawings,credit card max drawings,"Feature `credit_card_max_drawings` thuộc nhóm `hành vi sử dụng thẻ tín dụng`, được tạo từ bảng `credit_card_balance` trong Data Layer.",credit_card_usage_behavior,hành vi sử dụng thẻ tín dụng,credit_card_balance,credit_card_features.parquet,numeric,float64,amount,currency,0.7173922233676193,86905,24117,False,False,True,True,False,unknown,currency_rounded
credit_card_avg_drawing_to_limit_ratio,credit card avg drawing to limit ratio,"Feature `credit_card_avg_drawing_to_limit_ratio` thuộc nhóm `hành vi sử dụng thẻ tín dụng`, được tạo từ bảng `credit_card_balance` trong Data Layer.",credit_card_usage_behavior,hành vi sử dụng thẻ tín dụng,credit_card_balance,credit_card_features.parquet,numeric,float64,ratio,ratio,0.7202181385381335,86036,49730,False,False,True,True,False,unknown,ratio_as_percentage_1_decimal
credit_card_max_drawing_to_limit_ratio,credit card max drawing to limit ratio,"Feature `credit_card_max_drawing_to_limit_ratio` thuộc nhóm `hành vi sử dụng thẻ tín dụng`, được tạo từ bảng `credit_card_balance` trong Data Layer.",credit_card_usage_behavior,hành vi sử dụng thẻ tín dụng,credit_card_balance,credit_card_features.parquet,numeric,float64,ratio,ratio,0.7202181385381335,86036,24368,False,False,True,True,False,unknown,ratio_as_percentage_1_decimal
credit_card_dpd_count,credit card dpd count,"Feature `credit_card_dpd_count` thuộc nhóm `hành vi sử dụng thẻ tín dụng`, được tạo từ bảng `credit_card_balance` trong Data Layer.",credit_card_usage_behavior,hành vi sử dụng thẻ tín dụng,credit_card_balance,credit_card_features.parquet,numeric,float64,count,count,0.0,307511,91,False,False,True,True,False,higher_value_may_increase_risk,integer
credit_card_avg_dpd,credit card avg dpd,"Feature `credit_card_avg_dpd` thuộc nhóm `hành vi sử dụng thẻ tín dụng`, được tạo từ bảng `credit_card_balance` trong Data Layer.",credit_card_usage_behavior,hành vi sử dụng thẻ tín dụng,credit_card_balance,credit_card_features.parquet,numeric,float64,days,days,0.7173922233676193,86905,3606,False,False,True,True,False,higher_value_may_increase_risk,integer
credit_card_max_dpd,credit card max dpd,"Feature `credit_card_max_dpd` thuộc nhóm `hành vi sử dụng thẻ tín dụng`, được tạo từ bảng `credit_card_balance` trong Data Layer.",credit_card_usage_behavior,hành vi sử dụng thẻ tín dụng,credit_card_balance,credit_card_features.parquet,numeric,float64,days,days,0.7173922233676193,86905,409,False,False,True,True,False,higher_value_may_increase_risk,integer
credit_card_def_dpd_count,credit card def dpd count,"Feature `credit_card_def_dpd_count` thuộc nhóm `hành vi sử dụng thẻ tín dụng`, được tạo từ bảng `credit_card_balance` trong Data Layer.",credit_card_usage_behavior,hành vi sử dụng thẻ tín dụng,credit_card_balance,credit_card_features.parquet,numeric,float64,count,count,0.0,307511,64,False,False,True,True,False,higher_value_may_increase_risk,integer
credit_card_avg_def_dpd,credit card avg def dpd,"Feature `credit_card_avg_def_dpd` thuộc nhóm `hành vi sử dụng thẻ tín dụng`, được tạo từ bảng `credit_card_balance` trong Data Layer.",credit_card_usage_behavior,hành vi sử dụng thẻ tín dụng,credit_card_balance,credit_card_features.parquet,numeric,float64,days,days,0.7173922233676193,86905,1548,False,False,True,True,False,higher_value_may_increase_risk,integer
credit_card_max_def_dpd,credit card max def dpd,"Feature `credit_card_max_def_dpd` thuộc nhóm `hành vi sử dụng thẻ tín dụng`, được tạo từ bảng `credit_card_balance` trong Data Layer.",credit_card_usage_behavior,hành vi sử dụng thẻ tín dụng,credit_card_balance,credit_card_features.parquet,numeric,float64,days,days,0.7173922233676193,86905,52,False,False,True,True,False,higher_value_may_increase_risk,integer
credit_card_active_count,credit card active count,"Feature `credit_card_active_count` thuộc nhóm `hành vi sử dụng thẻ tín dụng`, được tạo từ bảng `credit_card_balance` trong Data Layer.",credit_card_usage_behavior,hành vi sử dụng thẻ tín dụng,credit_card_balance,credit_card_features.parquet,numeric,float64,count,count,0.0,307511,103,False,False,True,True,False,unknown,integer
credit_card_completed_count,credit card completed count,"Feature `credit_card_completed_count` thuộc nhóm `hành vi sử dụng thẻ tín dụng`, được tạo từ bảng `credit_card_balance` trong Data Layer.",credit_card_usage_behavior,hành vi sử dụng thẻ tín dụng,credit_card_balance,credit_card_features.parquet,numeric,float64,count,count,0.0,307511,40,False,False,True,True,False,unknown,integer
credit_card_signed_count,credit card signed count,"Feature `credit_card_signed_count` thuộc nhóm `hành vi sử dụng thẻ tín dụng`, được tạo từ bảng `credit_card_balance` trong Data Layer.",credit_card_usage_behavior,hành vi sử dụng thẻ tín dụng,credit_card_balance,credit_card_features.parquet,numeric,float64,count,count,0.0,307511,43,False,False,True,True,False,unknown,integer
credit_card_dpd_ratio,tỷ lệ tháng thẻ tín dụng bị quá hạn,"Feature `credit_card_dpd_ratio` thuộc nhóm `hành vi sử dụng thẻ tín dụng`, được tạo từ bảng `credit_card_balance` trong Data Layer.",credit_card_usage_behavior,hành vi sử dụng thẻ tín dụng,credit_card_balance,credit_card_features.parquet,numeric,float64,ratio,ratio,0.7173922233676193,86905,1422,False,False,True,True,False,higher_value_may_increase_risk,ratio_as_percentage_1_decimal
credit_card_def_dpd_ratio,credit card def dpd ratio,"Feature `credit_card_def_dpd_ratio` thuộc nhóm `hành vi sử dụng thẻ tín dụng`, được tạo từ bảng `credit_card_balance` trong Data Layer.",credit_card_usage_behavior,hành vi sử dụng thẻ tín dụng,credit_card_balance,credit_card_features.parquet,numeric,float64,ratio,ratio,0.7173922233676193,86905,941,False,False,True,True,False,higher_value_may_increase_risk,ratio_as_percentage_1_decimal
has_credit_card_history,có lịch sử thẻ tín dụng hay không,"Feature `has_credit_card_history` thuộc nhóm `hành vi sử dụng thẻ tín dụng`, được tạo từ bảng `credit_card_balance` trong Data Layer.",credit_card_usage_behavior,hành vi sử dụng thẻ tín dụng,credit_card_balance,credit_card_features.parquet,binary,int8,binary_indicator,0_or_1,0.0,307511,2,False,False,True,True,False,unknown,boolean_indicator
